{
  "market": [
    {
      "englishIntro": "Let's learn how to say 'I want tomatoes and potatoes' in Hindi.",
      "hindiPhrase": "मुझे टमाटर और आलू चाहिए।",
      "englishMeaning": "This is how you politely ask for vegetables at the market.",
      "pronunciation": "Mujhe tamatar aur aalu chahiye"
    },
    {
      "englishIntro": "Here's how to ask 'How much is this?' - super useful at any market!",
      "hindiPhrase": "यह कितने का है?",
      "englishMeaning": "Use this to ask the price of anything.",
      "pronunciation": "Yeh kitne ka hai?"
    },
    {
      "englishIntro": "Want to bargain politely? Try this phrase:",
      "hindiPhrase": "थोड़ा कम कर दीजिए, कृपया।",
      "englishMeaning": "This means 'Please reduce the price a little' - very polite!",
      "pronunciation": "Thoda kam kar dijiye, kripya"
    },
    {
      "englishIntro": "To check if vegetables are fresh, ask:",
      "hindiPhrase": "यह ताज़ा है?",
      "englishMeaning": "This means 'Is this fresh?' - important for good vegetables!",
      "pronunciation": "Yeh taaza hai?"
    },
    {
      "englishIntro": "When you want exactly one kilo, say:",
      "hindiPhrase": "एक किलो दे दीजिए।",
      "englishMeaning": "This means 'Please give me one kilo' - very useful!",
      "pronunciation": "Ek kilo de dijiye"
    }
  ],
  "taxi": [
    {
      "englishIntro": "First thing to tell a taxi driver - where you want to go:",
      "hindiPhrase": "मुझे बाज़ार जाना है।",
      "englishMeaning": "This means 'I need to go to the market.'",
      "pronunciation": "Mujhe bazaar jana hai"
    },
    {
      "englishIntro": "Always ask about the fare upfront:",
      "hindiPhrase": "कितना लगेगा?",
      "englishMeaning": "This means 'How much will it cost?' - very important!",
      "pronunciation": "Kitna lagega?"
    },
    {
      "englishIntro": "If the driver is going too fast, politely say:",
      "hindiPhrase": "ज़रा धीरे चलिएगा।",
      "englishMeaning": "This means 'Please drive a little slowly' - for safety!",
      "pronunciation": "Zara dheere chaliyega"
    },
    {
      "englishIntro": "To ask if they'll use the meter:",
      "hindiPhrase": "मीटर से चलेंगे?",
      "englishMeaning": "This means 'Will you go by the meter?' - helps avoid overcharging.",
      "pronunciation": "Meter se chalenge?"
    }
  ],
  "rickshaw": [
    {
      "englishIntro": "To ask a rickshaw driver if they'll take you somewhere:",
      "hindiPhrase": "स्टेशन तक चलेंगे?",
      "englishMeaning": "This means 'Will you go to the station?' - replace 'station' with your destination.",
      "pronunciation": "Station tak chalenge?"
    },
    {
      "englishIntro": "When negotiating price, try:",
      "hindiPhrase": "पचास रुपए ठीक है?",
      "englishMeaning": "This means 'Is fifty rupees okay?' - adjust the amount as needed.",
      "pronunciation": "Pachaas rupaye theek hai?"
    },
    {
      "englishIntro": "To ask for a small discount:",
      "hindiPhrase": "थोड़ा कम कर दीजिए।",
      "englishMeaning": "This means 'Please reduce a little' - polite bargaining.",
      "pronunciation": "Thoda kam kar dijiye"
    },
    {
      "englishIntro": "To ask about travel time:",
      "hindiPhrase": "कितनी देर लगेगी?",
      "englishMeaning": "This means 'How long will it take?' - good for planning.",
      "pronunciation": "Kitni der lagegi?"
    }
  ],
  "neighbor": [
    {
      "englishIntro": "Start with a simple self-introduction:",
      "hindiPhrase": "नमस्ते, मैं Emily हूँ।",
      "englishMeaning": "This means 'Hello, I'm Emily' - perfect for meeting neighbors!",
      "pronunciation": "Namaste, main Emily hoon"
    },
    {
      "englishIntro": "To introduce your daughter:",
      "hindiPhrase": "यह मेरी बेटी Sophia है।",
      "englishMeaning": "This means 'This is my daughter, Sophia.'",
      "pronunciation": "Yeh meri beti Sophia hai"
    },
    {
      "englishIntro": "A polite way to say you enjoyed meeting someone:",
      "hindiPhrase": "आपसे मिलकर खुशी हुई।",
      "englishMeaning": "This means 'Nice to meet you' - very polite and warm!",
      "pronunciation": "Aapse milkar khushi hui"
    },
    {
      "englishIntro": "To ask how long someone has lived somewhere:",
      "hindiPhrase": "आप यहाँ कब से रहते हैं?",
      "englishMeaning": "This means 'Since when have you been living here?' - good conversation starter.",
      "pronunciation": "Aap yahan kab se rehte hain?"
    },
    {
      "englishIntro": "A lovely way to invite someone for tea:",
      "hindiPhrase": "चाय पीने आइएगा।",
      "englishMeaning": "This means 'Please come for tea' - very Indian hospitality!",
      "pronunciation": "Chai peene aaiyega"
    }
  ],
  "introductions": [
    {
      "englishIntro": "Tell people where you're from:",
      "hindiPhrase": "हम Minneapolis, America से हैं।",
      "englishMeaning": "This means 'We're from Minneapolis, America.'",
      "pronunciation": "Hum Minneapolis, America se hain"
    },
    {
      "englishIntro": "Explain how long you're staying:",
      "hindiPhrase": "हम यहाँ छह महीने रहते हैं।",
      "englishMeaning": "This means 'We live here for six months.'",
      "pronunciation": "Hum yahan chhe mahine rehte hain"
    },
    {
      "englishIntro": "To suggest meeting again:",
      "hindiPhrase": "कल मिलते हैं?",
      "englishMeaning": "This means 'Shall we meet tomorrow?' - friendly and casual.",
      "pronunciation": "Kal milte hain?"
    },
    {
      "englishIntro": "To introduce your husband:",
      "hindiPhrase": "यह मेरे पति Jonathan हैं।",
      "englishMeaning": "This means 'This is my husband, Jonathan.'",
      "pronunciation": "Yeh mere pati Jonathan hain"
    },
    {
      "englishIntro": "The classic question to ask someone's name:",
      "hindiPhrase": "आपका नाम क्या है?",
      "englishMeaning": "This means 'What is your name?' - essential for introductions!",
      "pronunciation": "Aapka naam kya hai?"
    }
  ],
  "church": [
    {
      "englishIntro": "A beautiful Christian greeting in Hindi:",
      "hindiPhrase": "यीशु में शांति मिले।",
      "englishMeaning": "This means 'May you find peace in Jesus' - very meaningful!",
      "pronunciation": "Yeshu mein shanti mile"
    },
    {
      "englishIntro": "Respectful way to greet an elder at church:",
      "hindiPhrase": "आप कैसी हैं, आंटी जी?",
      "englishMeaning": "This means 'How are you, Aunty?' - shows proper respect.",
      "pronunciation": "Aap kaisi hain, Aunty ji?"
    },
    {
      "englishIntro": "To thank someone for praying for you:",
      "hindiPhrase": "प्रार्थना के लिए धन्यवाद।",
      "englishMeaning": "This means 'Thank you for the prayer' - very heartfelt.",
      "pronunciation": "Prarthana ke liye dhanyavaad"
    },
    {
      "englishIntro": "A blessing you can give to others:",
      "hindiPhrase": "प्रभु आपको आशीष दे।",
      "englishMeaning": "This means 'May the Lord bless you' - beautiful blessing!",
      "pronunciation": "Prabhu aapko aashish de"
    },
    {
      "englishIntro": "To compliment the sermon:",
      "hindiPhrase": "आज का संदेश बहुत अच्छा था।",
      "englishMeaning": "This means 'Today's message was very good' - shows you were listening!",
      "pronunciation": "Aaj ka sandesh bahut accha tha"
    }
  ]
}